club_from,club_to,player_age,player_name,player_nationality,player_position,player_value,transfer_date,transfer_fee,transfer_type
,FC Bayern München,,,,,,2023,,
,Borussia Dortmund,,,,,,2023,,
,Bayer 04 Leverkusen,,,,,,2023,,
,RasenBallsport Leipzig,,,,,,2023,,
,1.FC Union Berlin,,,,,,2023,,
,SC Freiburg,,,,,,2023,,
,1.FC Köln,,,,,,2023,,
,1.FSV Mainz 05,,,,,,2023,,
,TSG 1899 Hoffenheim,,,,,,2023,,
,Borussia Mönchengladbach,,,,,,2023,,
,Eintracht Frankfurt,,,,,,2023,,
,VfL Wolfsburg,,,,,,2023,,
,VfL Bochum,,,,,,2023,,
,FC Augsburg,,,,,,2023,,
,VfB Stuttgart,,,,,,2023,,
,Hertha BSC,,,,,,2023,,
,FC Schalke 04,,,,,,2023,,
,SV Werder Bremen,,,,,,2023,,
,FC Bayern München,,,,,,2022,,
,Borussia Dortmund,,,,,,2022,,
,Bayer 04 Leverkusen,,,,,,2022,,
,RasenBallsport Leipzig,,,,,,2022,,
,1.FC Union Berlin,,,,,,2022,,
,SC Freiburg,,,,,,2022,,
,1.FC Köln,,,,,,2022,,
,1.FSV Mainz 05,,,,,,2022,,
,TSG 1899 Hoffenheim,,,,,,2022,,
,Borussia Mönchengladbach,,,,,,2022,,
,Eintracht Frankfurt,,,,,,2022,,
,VfL Wolfsburg,,,,,,2022,,
,VfL Bochum,,,,,,2022,,
,FC Augsburg,,,,,,2022,,
,VfB Stuttgart,,,,,,2022,,
,Hertha BSC,,,,,,2022,,
,FC Schalke 04,,,,,,2022,,
,SV Werder Bremen,,,,,,2022,,
,FC Bayern München,,,,,,2021,,
,RasenBallsport Leipzig,,,,,,2021,,
,Borussia Dortmund,,,,,,2021,,
,VfL Wolfsburg,,,,,,2021,,
,Eintracht Frankfurt,,,,,,2021,,
,Bayer 04 Leverkusen,,,,,,2021,,
,1.FC Union Berlin,,,,,,2021,,
,Borussia Mönchengladbach,,,,,,2021,,
,VfB Stuttgart,,,,,,2021,,
,SC Freiburg,,,,,,2021,,
,TSG 1899 Hoffenheim,,,,,,2021,,
,1.FSV Mainz 05,,,,,,2021,,
,FC Augsburg,,,,,,2021,,
,Hertha BSC,,,,,,2021,,
,Arminia Bielefeld,,,,,,2021,,
,1.FC Köln,,,,,,2021,,
,VfL Bochum,,,,,,2021,,
,SpVgg Greuther Fürth,,,,,,2021,,
,FC Bayern München,,,,,,2020,,
,Borussia Dortmund,,,,,,2020,,
,RasenBallsport Leipzig,,,,,,2020,,
,Borussia Mönchengladbach,,,,,,2020,,
,Bayer 04 Leverkusen,,,,,,2020,,
,TSG 1899 Hoffenheim,,,,,,2020,,
,VfL Wolfsburg,,,,,,2020,,
,SC Freiburg,,,,,,2020,,
,Eintracht Frankfurt,,,,,,2020,,
,Hertha BSC,,,,,,2020,,
,1.FC Union Berlin,,,,,,2020,,
,FC Schalke 04,,,,,,2020,,
,1.FSV Mainz 05,,,,,,2020,,
,1.FC Köln,,,,,,2020,,
,FC Augsburg,,,,,,2020,,
,SV Werder Bremen,,,,,,2020,,
,Arminia Bielefeld,,,,,,2020,,
,VfB Stuttgart,,,,,,2020,,
,FC Bayern München,,,,,,2019,,
,Borussia Dortmund,,,,,,2019,,
,RasenBallsport Leipzig,,,,,,2019,,
,Bayer 04 Leverkusen,,,,,,2019,,
,Borussia Mönchengladbach,,,,,,2019,,
,VfL Wolfsburg,,,,,,2019,,
,Eintracht Frankfurt,,,,,,2019,,
,SV Werder Bremen,,,,,,2019,,
,TSG 1899 Hoffenheim,,,,,,2019,,
,Fortuna Düsseldorf,,,,,,2019,,
,Hertha BSC,,,,,,2019,,
,1.FSV Mainz 05,,,,,,2019,,
,SC Freiburg,,,,,,2019,,
,FC Schalke 04,,,,,,2019,,
,FC Augsburg,,,,,,2019,,
,1.FC Köln,,,,,,2019,,
,SC Paderborn 07,,,,,,2019,,
,1.FC Union Berlin,,,,,,2019,,
,FC Bayern München,,,,,,2018,,
,FC Schalke 04,,,,,,2018,,
,TSG 1899 Hoffenheim,,,,,,2018,,
,Borussia Dortmund,,,,,,2018,,
,Bayer 04 Leverkusen,,,,,,2018,,
,RasenBallsport Leipzig,,,,,,2018,,
,VfB Stuttgart,,,,,,2018,,
,Eintracht Frankfurt,,,,,,2018,,
,Borussia Mönchengladbach,,,,,,2018,,
,Hertha BSC,,,,,,2018,,
,SV Werder Bremen,,,,,,2018,,
,FC Augsburg,,,,,,2018,,
,Hannover 96,,,,,,2018,,
,1.FSV Mainz 05,,,,,,2018,,
,SC Freiburg,,,,,,2018,,
,VfL Wolfsburg,,,,,,2018,,
,Fortuna Düsseldorf,,,,,,2018,,
,1.FC Nürnberg,,,,,,2018,,
,FC Bayern München,,,,,,2017,,
,RasenBallsport Leipzig,,,,,,2017,,
,Borussia Dortmund,,,,,,2017,,
,TSG 1899 Hoffenheim,,,,,,2017,,
,1.FC Köln,,,,,,2017,,
,Hertha BSC,,,,,,2017,,
,SC Freiburg,,,,,,2017,,
,SV Werder Bremen,,,,,,2017,,
,Borussia Mönchengladbach,,,,,,2017,,
,FC Schalke 04,,,,,,2017,,
,Eintracht Frankfurt,,,,,,2017,,
,Bayer 04 Leverkusen,,,,,,2017,,
,FC Augsburg,,,,,,2017,,
,Hamburger SV,,,,,,2017,,
,1.FSV Mainz 05,,,,,,2017,,
,VfL Wolfsburg,,,,,,2017,,
,VfB Stuttgart,,,,,,2017,,
,Hannover 96,,,,,,2017,,
,FC Bayern München,,,,,,2016,,
,Borussia Dortmund,,,,,,2016,,
,Bayer 04 Leverkusen,,,,,,2016,,
,Borussia Mönchengladbach,,,,,,2016,,
,FC Schalke 04,,,,,,2016,,
,1.FSV Mainz 05,,,,,,2016,,
,Hertha BSC,,,,,,2016,,
,VfL Wolfsburg,,,,,,2016,,
,1.FC Köln,,,,,,2016,,
,Hamburger SV,,,,,,2016,,
,FC Ingolstadt 04,,,,,,2016,,
,FC Augsburg,,,,,,2016,,
,SV Werder Bremen,,,,,,2016,,
,SV Darmstadt 98,,,,,,2016,,
,TSG 1899 Hoffenheim,,,,,,2016,,
,Eintracht Frankfurt,,,,,,2016,,
,SC Freiburg,,,,,,2016,,
,RasenBallsport Leipzig,,,,,,2016,,
,FC Bayern München,,,,,,2015,,
,VfL Wolfsburg,,,,,,2015,,
,Borussia Mönchengladbach,,,,,,2015,,
,Bayer 04 Leverkusen,,,,,,2015,,
,FC Augsburg,,,,,,2015,,
,FC Schalke 04,,,,,,2015,,
,Borussia Dortmund,,,,,,2015,,
,TSG 1899 Hoffenheim,,,,,,2015,,
,Eintracht Frankfurt,,,,,,2015,,
,SV Werder Bremen,,,,,,2015,,
,1.FSV Mainz 05,,,,,,2015,,
,1.FC Köln,,,,,,2015,,
,Hannover 96,,,,,,2015,,
,VfB Stuttgart,,,,,,2015,,
,Hertha BSC,,,,,,2015,,
,Hamburger SV,,,,,,2015,,
,FC Ingolstadt 04,,,,,,2015,,
,SV Darmstadt 98,,,,,,2015,,
,FC Bayern München,,,,,,2014,,
,Borussia Dortmund,,,,,,2014,,
,FC Schalke 04,,,,,,2014,,
,Bayer 04 Leverkusen,,,,,,2014,,
,VfL Wolfsburg,,,,,,2014,,
,Borussia Mönchengladbach,,,,,,2014,,
,1.FSV Mainz 05,,,,,,2014,,
,FC Augsburg,,,,,,2014,,
,TSG 1899 Hoffenheim,,,,,,2014,,
,Hannover 96,,,,,,2014,,
,Hertha BSC,,,,,,2014,,
,SV Werder Bremen,,,,,,2014,,
,Eintracht Frankfurt,,,,,,2014,,
,SC Freiburg,,,,,,2014,,
,VfB Stuttgart,,,,,,2014,,
,Hamburger SV,,,,,,2014,,
,1.FC Köln,,,,,,2014,,
,SC Paderborn 07,,,,,,2014,,
,FC Bayern München,,,,,,2013,,
,Borussia Dortmund,,,,,,2013,,
,Bayer 04 Leverkusen,,,,,,2013,,
,FC Schalke 04,,,,,,2013,,
,SC Freiburg,,,,,,2013,,
,Eintracht Frankfurt,,,,,,2013,,
,Hamburger SV,,,,,,2013,,
,Borussia Mönchengladbach,,,,,,2013,,
,Hannover 96,,,,,,2013,,
,1.FC Nürnberg,,,,,,2013,,
,VfL Wolfsburg,,,,,,2013,,
,VfB Stuttgart,,,,,,2013,,
,1.FSV Mainz 05,,,,,,2013,,
,SV Werder Bremen,,,,,,2013,,
,FC Augsburg,,,,,,2013,,
,TSG 1899 Hoffenheim,,,,,,2013,,
,Hertha BSC,,,,,,2013,,
,Eintracht Braunschweig,,,,,,2013,,
,FC Bayern München,,,,,,2012,,
,Borussia Dortmund,,,,,,2012,,
,Bayer 04 Leverkusen,,,,,,2012,,
,FC Schalke 04,,,,,,2012,,
,SC Freiburg,,,,,,2012,,
,Eintracht Frankfurt,,,,,,2012,,
,Hamburger SV,,,,,,2012,,
,Borussia Mönchengladbach,,,,,,2012,,
,Hannover 96,,,,,,2012,,
,1.FC Nürnberg,,,,,,2012,,
,VfL Wolfsburg,,,,,,2012,,
,VfB Stuttgart,,,,,,2012,,
,1.FSV Mainz 05,,,,,,2012,,
,SV Werder Bremen,,,,,,2012,,
,FC Augsburg,,,,,,2012,,
,SpVgg Greuther Fürth,,,,,,2012,,
,TSG 1899 Hoffenheim,,,,,,2012,,
,Fortuna Düsseldorf,,,,,,2012,,
,FC Bayern München,,,,,,2011,,
,Borussia Dortmund,,,,,,2011,,
,Bayer 04 Leverkusen,,,,,,2011,,
,FC Schalke 04,,,,,,2011,,
,SC Freiburg,,,,,,2011,,
,Hamburger SV,,,,,,2011,,
,Borussia Mönchengladbach,,,,,,2011,,
,Hannover 96,,,,,,2011,,
,1.FC Nürnberg,,,,,,2011,,
,VfL Wolfsburg,,,,,,2011,,
,VfB Stuttgart,,,,,,2011,,
,1.FSV Mainz 05,,,,,,2011,,
,SV Werder Bremen,,,,,,2011,,
,FC Augsburg,,,,,,2011,,
,TSG 1899 Hoffenheim,,,,,,2011,,
,Hertha BSC,,,,,,2011,,
,1.FC Köln,,,,,,2011,,
,1.FC Kaiserslautern,,,,,,2011,,
,Borussia Dortmund,,,,,,2010,,
,FC Bayern München,,,,,,2010,,
,FC Schalke 04,,,,,,2010,,
,Borussia Mönchengladbach,,,,,,2010,,
,Bayer 04 Leverkusen,,,,,,2010,,
,VfB Stuttgart,,,,,,2010,,
,Hannover 96,,,,,,2010,,
,VfL Wolfsburg,,,,,,2010,,
,SV Werder Bremen,,,,,,2010,,
,1.FC Nürnberg,,,,,,2010,,
,Eintracht Frankfurt,,,,,,2010,,
,TSG 1899 Hoffenheim,,,,,,2010,,
,SC Freiburg,,,,,,2010,,
,1.FSV Mainz 05,,,,,,2010,,
,Hamburger SV,,,,,,2010,,
,1.FC Köln,,,,,,2010,,
,FC St. Pauli,,,,,,2010,,
,1.FC Kaiserslautern,,,,,,2010,,
,VfL Wolfsburg,,,,,,2009,,
,VfL Bochum,,,,,,2009,,
,Hertha BSC,,,,,,2009,,
,FC Bayern München,,,,,,2009,,
,VfB Stuttgart,,,,,,2009,,
,Hamburger SV,,,,,,2009,,
,Borussia Dortmund,,,,,,2009,,
,TSG 1899 Hoffenheim,,,,,,2009,,
,FC Schalke 04,,,,,,2009,,
,Bayer 04 Leverkusen,,,,,,2009,,
,SV Werder Bremen,,,,,,2009,,
,Hannover 96,,,,,,2009,,
,1.FC Köln,,,,,,2009,,
,Eintracht Frankfurt,,,,,,2009,,
,Borussia Mönchengladbach,,,,,,2009,,
,SC Freiburg,,,,,,2009,,
,1.FSV Mainz 05,,,,,,2009,,
,1.FC Nürnberg,,,,,,2009,,
,Borussia Dortmund,,,,,,2008,,
,FC Bayern München,,,,,,2008,,
,FC Schalke 04,,,,,,2008,,
,Borussia Mönchengladbach,,,,,,2008,,
,Bayer 04 Leverkusen,,,,,,2008,,
,VfB Stuttgart,,,,,,2008,,
,Hannover 96,,,,,,2008,,
,VfL Wolfsburg,,,,,,2008,,
,SV Werder Bremen,,,,,,2008,,
,Hertha BSC,,,,,,2008,,
,TSG 1899 Hoffenheim,,,,,,2008,,
,Karlsruher SC,,,,,,2008,,
,VfL Bochum,,,,,,2008,,
,FC Energie Cottbus,,,,,,2008,,
,Hamburger SV,,,,,,2008,,
,Arminia Bielefeld,,,,,,2008,,
,Eintracht Frankfurt,,,,,,2008,,
,1.FC Köln,,,,,,2008,,
,Borussia Dortmund,,,,,,2007,,
,Bayer 04 Leverkusen,,,,,,2007,,
,FC Bayern München,,,,,,2007,,
,Hannover 96,,,,,,2007,,
,1.FC Nürnberg,,,,,,2007,,
,VfL Bochum,,,,,,2007,,
,Hamburger SV,,,,,,2007,,
,Eintracht Frankfurt,,,,,,2007,,
,Arminia Bielefeld,,,,,,2007,,
,VfB Stuttgart,,,,,,2007,,
,FC Energie Cottbus,,,,,,2007,,
,SV Werder Bremen,,,,,,2007,,
,FC Schalke 04,,,,,,2007,,
,VfL Wolfsburg,,,,,,2007,,
,Karlsruher SC,,,,,,2007,,
,Hertha BSC,,,,,,2007,,
,FC Hansa Rostock,,,,,,2007,,
,MSV Duisburg,,,,,,2007,,
,FC Bayern München,,,,,,2006,,
,SV Werder Bremen,,,,,,2006,,
,Hamburger SV,,,,,,2006,,
,FC Schalke 04,,,,,,2006,,
,Bayer 04 Leverkusen,,,,,,2006,,
,Hertha BSC,,,,,,2006,,
,Borussia Dortmund,,,,,,2006,,
,1.FC Nürnberg,,,,,,2006,,
,VfB Stuttgart,,,,,,2006,,
,Borussia Mönchengladbach,,,,,,2006,,
,1.FSV Mainz 05,,,,,,2006,,
,Hannover 96,,,,,,2006,,
,Arminia Bielefeld,,,,,,2006,,
,Eintracht Frankfurt,,,,,,2006,,
,VfL Wolfsburg,,,,,,2006,,
,VfL Bochum,,,,,,2006,,
,Alemannia Aachen,,,,,,2006,,
,FC Energie Cottbus,,,,,,2006,,
,FC Bayern München,,,,,,2005,,
,Borussia Dortmund,,,,,,2005,,
,Bayer 04 Leverkusen,,,,,,2005,,
,FC Schalke 04,,,,,,2005,,
,Eintracht Frankfurt,,,,,,2005,,
,Hamburger SV,,,,,,2005,,
,Borussia Mönchengladbach,,,,,,2005,,
,Hannover 96,,,,,,2005,,
,1.FC Nürnberg,,,,,,2005,,
,VfL Wolfsburg,,,,,,2005,,
,1.FC Kaiserslautern,,,,,,2005,,
,VfB Stuttgart,,,,,,2005,,
,Arminia Bielefeld,,,,,,2005,,
,1.FSV Mainz 05,,,,,,2005,,
,SV Werder Bremen,,,,,,2005,,
,1.FC Köln,,,,,,2005,,
,MSV Duisburg,,,,,,2005,,
,Hertha BSC,,,,,,2005,,
,SV Werder Bremen,,,,,,2004,,
,FC Bayern München,,,,,,2004,,
,Bayer 04 Leverkusen,,,,,,2004,,
,VfB Stuttgart,,,,,,2004,,
,VfL Bochum,,,,,,2004,,
,Borussia Dortmund,,,,,,2004,,
,FC Schalke 04,,,,,,2004,,
,Hamburger SV,,,,,,2004,,
,FC Hansa Rostock,,,,,,2004,,
,VfL Wolfsburg,,,,,,2004,,
,Borussia Mönchengladbach,,,,,,2004,,
,Hertha BSC,,,,,,2004,,
,SC Freiburg,,,,,,2004,,
,Hannover 96,,,,,,2004,,
,1.FC Kaiserslautern,,,,,,2004,,
,1.FC Nürnberg,,,,,,2004,,
,Arminia Bielefeld,,,,,,2004,,
,1.FSV Mainz 05,,,,,,2004,,
,FC Bayern München,,,,,,2003,,
,FC Schalke 04,,,,,,2003,,
,SV Werder Bremen,,,,,,2003,,
,Bayer 04 Leverkusen,,,,,,2003,,
,Borussia Dortmund,,,,,,2003,,
,Hertha BSC,,,,,,2003,,
,VfB Stuttgart,,,,,,2003,,
,Hamburger SV,,,,,,2003,,
,VfL Wolfsburg,,,,,,2003,,
,VfL Bochum,,,,,,2003,,
,Eintracht Frankfurt,,,,,,2003,,
,TSV 1860 München,,,,,,2003,,
,Borussia Mönchengladbach,,,,,,2003,,
,FC Hansa Rostock,,,,,,2003,,
,1.FC Köln,,,,,,2003,,
,SC Freiburg,,,,,,2003,,
,Hannover 96,,,,,,2003,,
,1.FC Kaiserslautern,,,,,,2003,,
,FC Bayern München,,,,,,2002,,
,Borussia Dortmund,,,,,,2002,,
,Bayer 04 Leverkusen,,,,,,2002,,
,FC Schalke 04,,,,,,2002,,
,1.FC Kaiserslautern,,,,,,2002,,
,Hamburger SV,,,,,,2002,,
,Borussia Mönchengladbach,,,,,,2002,,
,TSV 1860 München,,,,,,2002,,
,Hannover 96,,,,,,2002,,
,1.FC Nürnberg,,,,,,2002,,
,VfL Wolfsburg,,,,,,2002,,
,VfB Stuttgart,,,,,,2002,,
,FC Energie Cottbus,,,,,,2002,,
,FC Hansa Rostock,,,,,,2002,,
,SV Werder Bremen,,,,,,2002,,
,Hertha BSC,,,,,,2002,,
,Arminia Bielefeld,,,,,,2002,,
,VfL Bochum,,,,,,2002,,
,Borussia Dortmund,,,,,,2001,,
,FC Bayern München,,,,,,2001,,
,FC Schalke 04,,,,,,2001,,
,Borussia Mönchengladbach,,,,,,2001,,
,Bayer 04 Leverkusen,,,,,,2001,,
,Hertha BSC,,,,,,2001,,
,VfB Stuttgart,,,,,,2001,,
,1.FC Kaiserslautern,,,,,,2001,,
,VfL Wolfsburg,,,,,,2001,,
,SV Werder Bremen,,,,,,2001,,
,1.FC Nürnberg,,,,,,2001,,
,1.FC Köln,,,,,,2001,,
,TSV 1860 München,,,,,,2001,,
,FC Hansa Rostock,,,,,,2001,,
,SC Freiburg,,,,,,2001,,
,FC Energie Cottbus,,,,,,2001,,
,Hamburger SV,,,,,,2001,,
,FC St. Pauli,,,,,,2001,,
,Borussia Dortmund,,,,,,2000,,
,Bayer 04 Leverkusen,,,,,,2000,,
,FC Bayern München,,,,,,2000,,
,TSV 1860 München,,,,,,2000,,
,1.FC Kaiserslautern,,,,,,2000,,
,Hamburger SV,,,,,,2000,,
,SC Freiburg,,,,,,2000,,
,1.FC Köln,,,,,,2000,,
,SpVgg Unterhaching,,,,,,2000,,
,VfB Stuttgart,,,,,,2000,,
,Eintracht Frankfurt,,,,,,2000,,
,SV Werder Bremen,,,,,,2000,,
,FC Schalke 04,,,,,,2000,,
,FC Hansa Rostock,,,,,,2000,,
,VfL Wolfsburg,,,,,,2000,,
,VfL Bochum,,,,,,2000,,
,Hertha BSC,,,,,,2000,,
,FC Energie Cottbus,,,,,,2000,,
